{"cameraMode":{"drawMode":0,"name":"Shaded","section":"Shading Mode"},"sceneLighting":false,"audioPlay":false,"sceneViewState":{"m_AlwaysRefresh":false,"showFog":true,"showSkybox":false,"showFlares":true,"showImageEffects":true,"showParticleSystems":true,"showVisualEffectGraphs":true,"m_FxEnabled":true},"in2DMode":false,"pivot":{"x":0.26499998569488528,"y":0.9700000286102295,"z":2.993000030517578},"rotation":{"x":-0.01371913030743599,"y":0.8841530084609985,"z":-0.027710815891623498,"w":-0.46676528453826907},"size":0.08660250902175904,"orthographic":false}